{"bot_right_back": [-1.0389952144934989, 3.4361802498458376, 1.7095629503711396], "top_left_back": [-0.4044807865455256, -0.7129342510169001, 1.7850318301967751], "bot_right_front": [1.505624609066419, 3.8093665374765924, 1.2064904702412032], "top_left_front": [2.1401390370143925, -0.33974796338614527, 1.2819593500668385], "top_right_front": [1.5084565598935822, 1.183454861720786, -0.7523826693845508], "top_right_back": [-1.0361632636663358, 0.8102685740900311, -0.24931018925461407], "bot_left_back": [-0.4073127373726886, 1.9129774247389069, 3.7439049698225286], "bot_left_front": [2.13730708618723, 2.2861637123696616, 3.240832489692592], "center": [0.5505720702992057, 1.5482161665539924, 1.4957611187769553]}