{"bot_right_back": [-1.031354442728247, 3.4445613644516686, 1.7101703317252441], "top_left_back": [-0.26362027697712626, -0.694755681541046, 1.8116960002624978], "bot_right_front": [1.4737450926895523, 3.8860343390645133, 1.0491832998246424], "top_left_front": [2.2414792584406733, -0.25328270692820204, 1.1507089683618963], "top_right_front": [1.442302825201819, 1.2193313835552126, -0.8719328398942122], "top_right_back": [-1.0627967102159808, 0.7778584089423686, -0.2109458079936107], "bot_left_back": [-0.2321780094893926, 1.9719472739682549, 3.732812139981353], "bot_left_front": [2.272921525928407, 2.4134202485810987, 3.0718251080807515], "center": [0.6050625644249539, 1.5956393563537983, 1.4304396087318758]}