{"bot_left_back": [-1.732601789433347, 4.769246183323567, 3.107490585996614], "top_right_front": [1.8102337001621434, -1.3285089055809354, 1.2911035520018317], "bot_left_front": [-1.1773310691554584, 2.1955017127833063, 5.595820823621074], "bot_right_back": [1.7983801492850324, 4.9166167091434225, 2.424270203883226], "top_right_back": [1.2549629798842548, 1.245235564959325, -1.1972266856226277], "top_left_back": [-2.2760189588341246, 1.0978650391394695, -0.5140063035092389], "bot_right_front": [2.353650869562921, 2.342872238603162, 4.912600441507685], "top_left_front": [-1.7207482385562358, -1.4758794314007913, 1.9743239341152206], "center": [0.038815882329651066, 1.7203687665868153, 2.1992968418190655]}