{"bot_right_front": [4.748694136447778, 2.484388420492052, 5.19408909533315], "top_right_front": [4.156492687689578, -1.2716768410959156, 0.6794080071498293], "top_right_back": [1.8344113638300488, 2.129265407598062, -1.881954535226703], "bot_left_front": [0.5708139795754733, 1.042678600086853, 6.9653141110958945], "bot_right_back": [2.4266128125882482, 5.88533066918603, 2.632726552956618], "bot_left_back": [-1.751267344284056, 4.4436208487808315, 4.403951568719362], "top_left_front": [-0.021387469182727117, -2.713386661501115, 2.4506330229125735], "top_left_back": [-2.343468793042256, 0.6875555871928629, -0.11072951946395865], "center": [1.2026127305724925, 1.5859719743631295, 2.54167990026121]}