{"bot_right_front": [4.4793046646599635, 2.5576497675425083, 5.464717194410334], "top_right_front": [4.13145002474374, -1.2896247476206224, 0.9457803447532684], "top_right_back": [1.9707938781788021, 2.1084929883323773, -1.815444769023817], "bot_left_front": [0.16557701415319948, 1.1525960915272462, 7.018398011395895], "bot_right_back": [2.318648518095025, 5.955767503495508, 2.7034920806332496], "bot_left_back": [-1.995079132411738, 4.550713827480246, 4.257172897618809], "top_left_front": [-0.182277625763024, -2.6946784236358843, 2.499461161738828], "top_left_back": [-2.3429337723279615, 0.7034393123171153, -0.2617639520382574], "center": [1.068185498449705, 1.6305445116326367, 2.6014767380062724]}