{"bot_right_back": [-1.3643436026641937, 3.2652294884804265, 1.881748041837546], "top_left_back": [-0.620679569044135, -0.8738384892676642, 1.6682452120808873], "bot_right_front": [1.2193528116604038, 3.7288914529118884, 1.7653594559464718], "top_left_front": [1.963016845280463, -0.4101765248362017, 1.5518566261898126], "top_right_front": [1.5637396120903435, 1.2896518587723087, -0.4096566429167003], "top_right_back": [-1.019956802234254, 0.8259898943408461, -0.29326805702562586], "bot_left_back": [-0.9650663694740746, 1.5654011048719167, 3.843261310944059], "bot_left_front": [1.6186300448505226, 2.0290630693033793, 3.7268727250529845], "center": [0.2993367827891801, 1.4275265108009887, 1.716802326739392]}