{"bot_right_back": [-0.9400247417049254, 3.4620701869239747, 1.762710181016278], "top_left_back": [-0.34541987851491923, -0.7199895186874745, 1.8008262079303], "bot_right_front": [1.6039158358933816, 3.8108395554040366, 1.1631388874796307], "top_left_front": [2.198520699083387, -0.3712201502074129, 1.2012549143936526], "top_right_front": [1.504915533350728, 1.175810462968538, -0.8160895022065462], "top_right_back": [-1.0390250442475786, 0.8270410944884766, -0.21651820866989904], "bot_left_back": [-0.24641957597226602, 1.9150395737480241, 3.780054597616476], "bot_left_front": [2.297521001626041, 2.2638089422280854, 3.180483304079829], "center": [0.629248137685537, 1.5454250401563692, 1.481982510231755]}