{"top_left_front": [-1.4060014862548211, -1.6333805257636818, 2.5384041936091557], "bot_left_front": [-1.2719526160693804, 2.2948822462158196, 5.979434336182201], "bot_right_front": [2.356580453155034, 2.7741348317916117, 5.238168423293458], "top_right_front": [2.222531582969593, -1.15412794018789, 1.797138280720413], "top_right_back": [1.2145169714563662, 1.5435472575152562, -1.3543038952017699], "top_left_back": [-2.4140160977680485, 1.0642946719394644, -0.6130379823130271], "bot_right_back": [1.348565841641807, 5.471810029494757, 2.086726247371274], "bot_left_back": [-2.2799672275826075, 4.992557443918965, 2.8279921602600173], "center": [-0.028717874142693913, 1.9192147450190726, 2.312565231079728]}